0,
1,Joke 4
2,
3,Joke 52
4,Joke 82
5,Joke 39
6,Joke 73
7,Joke 88
8,Joke 35
9,Joke 46
10,Joke 55
11,Joke 66
12,Joke 108
13,Joke 15
14,Joke 69
15,
16,
17,Joke 22
18,Joke 30
19,Joke 40
20,Joke 72
21,Joke 62
22,Joke 24
23,Joke 54
24,Joke 38
25,Joke 76
26,Joke 100
27,Joke 11
28,Joke 42
29,Joke 59
30,Joke 51
31,Joke 104
32,Joke 113
33,Joke 85
34,Joke 17
35,
36,Joke 115
37,Joke 31
38,Joke 90
39,Joke 23
40,Joke 2
41,Joke 6
42,
43,Joke 10
44,
45,
46,Joke 112
47,Joke 43
48,Joke 70
49,Joke 16
50,Joke 29
51,Joke 65
52,
53,Joke 63
54,Joke 28
55,
56,Joke 53
57,Joke 79
58,Joke 19
59,Joke 37
60,Joke 83
61,Joke 36
62,Joke 34
63,Joke 49
64,
65,Joke 86
66,Joke 14
67,Joke 67
68,Joke 93
69,Joke 97
70,
71,
72,Joke 101
73,Joke 12
74,Joke 106
75,Joke 91
76,Joke 107
77,Joke 41
78,Joke 117
79,Joke 81
80,Joke 3
81,
82,Joke 8
83,
84,Joke 103
85,
86,
87,
88,
89,Joke 84
90,Joke 114
91,Joke 27
92,Joke 110
93,Joke 13
94,
95,
96,Joke 32
97,Joke 50
98,Joke 60
99,
100,Joke 96
101,
102,
103,
104,Joke 21
105,
106,Joke 68
107,Joke 71
108,Joke 99
109,
110,Joke 48
111,Joke 105
112,
113,Joke 18
114,
115,Joke 111
116,Joke 44
117,Joke 75
118,Joke 120
119,Joke 26
